student_id,attendance,assignment_score,internal_marks,external_marks,study_hours
ST001,66.9,67.1,75.5,82.0,4.1
ST002,82.9,82.1,87.7,86.6,6.5
ST003,55.0,69.4,73.7,56.6,3.6
ST004,60.6,44.5,73.1,62.1,2.5
ST005,86.8,61.1,71.8,67.2,2.9
ST006,,54.5,60.5,80.4,2.7
ST007,62.8,55.2,61.1,66.9,2.4
ST008,85.7,59.9,79.9,90.3,6.1
ST009,96.4,94.7,95.0,90.3,8.3
ST010,68.1,69.2,72.1,56.2,3.4
ST011,71.1,62.9,71.4,72.0,2.5
ST012,58.7,50.5,61.8,68.5,2.0
ST013,72.0,59.6,81.1,66.1, 5.5 
ST014,83.3,83.0,90.7,82.5,6.0
ST015,98.1,82.1,95.0,87.7,6.8
ST016,77.2,64.4,78.7,62.3,4.5
ST017,89.2,73.5,94.9,98.0,7.9
ST018,58.9,49.0,66.0,63.4,
ST019,98.7,82.5,95.0,98.0,7.1
ST020,63.3,42.9,64.3,65.4,2.3
ST021,55.0,53.0,53.0,54.9,1.5
ST022,72.6,66.7,86.8,75.4,3.9
ST023,74.1,50.6,67.0,66.9,4.0
ST024,64.1,71.6,58.2,63.1,1.8
ST025,69.4,55.7,70.1,56.4,2.5
ST026,93.2,72.1,95.0,82.8,6.8
ST027,77.2,75.1,82.7,93.3,5.9
ST028,69.1,53.4,55.6,67.8,2.8
ST029,87.6,67.7,93.4,87.2,6.0
ST030,61.5,53.2,68.7,54.2,2.5
ST031,99.1,100.0,95.0,95.8,7.2
ST032,94.3,91.2,92.3,89.2,7.8
ST033,82 ,88.0,94.9,98.0,6.6
ST034,64.7,45.1,71.6,63.5,1.6
ST035,89.4,67.9,84.8,80.4,6.1
ST036,93.9,82.2,95.0,98.0,6.7
ST037,56.0,,66.2,59.4,2.2
ST038,83.4,86.1,85.7,98.0,5.9
ST039,62.2,65.8,65.8,65.3,2.9
ST040,66.4,62.6,68.6,65.5,2.7
ST041,91.2,93.3,95.0,98.0,8.2
ST042,74.3,52.4,74.0,76.3,3.7
ST043,83.0,65.8,92.6,85.3,5.5
ST044,94.7,87.3,85.1,86.3,6.7
ST045,91.7,83.7,95.0,98.0,7.2
ST046,83.0,78.6,88.9,87.3,5.0
ST047,83.9,72.3,95.0,90.3,7.7
ST048,79.8,40.0,67.8,51.0,1.8
ST049,56.9,48.7,68.3,59.8,1.7
ST050,64.3,60.2,66.9,62.1,3.0
ST051,90.0,77.8,85.6,88.7,5.3
ST052,68.6,69.7,66.6,71.7,3.8
ST053,57.8,76 marks,55.2,56.4,1.7
ST054,83.2,63.4,63.6,80.1,3.3
ST055,97.0,100.0,94.6,98.0,8.2
ST056,79.2,53.9,74.1,77.6,3.2
ST057,77.9,60.9,70.9,79.1,4.8
ST058,88.0,55.3,77.4,81.4,4.5
ST059,75.1,83.3,78.1,82.8,4.1
ST060,68.9,51.5,65.7,63.0,2.6
ST061,80.6,96.8,95.0,98.0,8.1
ST062,79.4,75.9,85.2,78.0,5.3
ST063,70.8,49.3,57.8,60.3,2.0
ST064,92.0,79.7,95.0,96.6,6.4
ST065,75.7,55.6,59.4,62.6,3.5
ST066,91.9,78.3,93.7,98.0,6.9
ST067,84.8,81.5,93.2,98.0,6.8
ST068,94.8,79.7,,96.1,7.3
ST069,100.0,95.6,92.0,98.0,8.2
ST070,81.3,69.2,79.3,80.2,3.8
ST071,60.2,53.5,45.8,75.8,2.1
ST072,86.2,81.8,95.0,93.1,7.7
ST073,79.8,75.5,90.1,92.8,5.8
ST074,55.0,42.3,54.3,58.8,2.1
ST075,73.9,92.5,89.2,90.7,6.9
ST076,80.3,61.8,84.1,92.7,4.8
ST077,84.2,80.3,95.0,98.0,8.2
ST078,95.9,87.2,95.0,96.1,8.2
ST079,100.0,90.9,95.0,98.0,8.3
ST080,89.4,75.9,95.0,81.9,5.9
ST081,70.2,49.9,77.4,56.3,3.4
ST082,67.0,68.0,68.0,57.8,2.0
ST083,90.4,88.5,95.0,89.7,6.3
ST084,99.7,80.0,89.0,98.0,7.6
ST085,96.8,89.9,87.3,95.8,8.3
ST086,71.4,61.1,67.3,76.0,3.4
ST087,68.0,72.1,84.6,89.8,4.7
ST088,76.5,58.0,85.9,76.2,4.0
ST089,80.7,79.3,89.5,83.5,5.1
ST090,80.2,76.6,70.8,83.2,4.3
ST091,55.0,67.3,67.8,61.7,2.5
ST092,84.2,64.0,87.5,65.2,3.9
ST093,90.9,89.6,95.0,81 marks,7.5
ST094,80.8,87.5,92.4,98.0,8.4
ST095,56.9,56.9,64.3,58.1,2.0
ST096,71.1,72.4,74.8,72.3,4.8
ST097,57.9,55.3,63.8,46.2,2.7
ST098,80.3,78.4,88.4,86.9,6.3
ST099,83.9,85.7,90.8,84.0,7.1
ST100,67.9,79.9,89.9,76.5,4.9
ST101,69.6,44.0,61.0,69.6,1.8
ST102,79.1,63.0,71.3,,5.2
ST103,70.0,60.3,62.7,65.5,3.4
ST104,85.0,70.0,75.7,87.7,3.8
ST105,81.7,61.7,62.1,78.5,2.1
ST106,60.4,44.1,68.7,78.6,2.4
ST107,74.4,65.0,72.0,73.0,4.0
ST108,62.9,52.4,59.8,58.0,2.6
ST109,55.0,62.3,65.5,63.2,2.7
ST110,87.4,89.8,95.0,89.5,7.6
ST111,100.0,99.0,95.0,95.9,8.0
ST112,63.1,43.0,53.7,66.4,2.8
ST113,55.4,61.0,52.6,63.9,2.3
ST114,74.0,69.3,73.7,76.7,4.9
ST115,59.9,58.5,66.9,66.6,1.9
ST116,65.1,67.0,86.4,80.7,5.7
ST117,91.2,82.9,95.0,98.0,7.3
ST118,92.9,79.4,94.9,93.8,7.4
ST119,71.3,64.6,50.3,69.4,2.6
ST120,99.9,80.5,86.8,91.7,7.6
ST121,84.9,61.1,69.9,81.0,4.7
ST122,98.2,67.2,95.0,98.0,7.8
ST123,67.2,59.2,57.0,60.9,2.3
ST124,93.5,99.2,95.0,97.7,7.1
ST125,59.8,49.8,73.8,67.5,2.6
ST126,98.7,79.7,95.0,91.7,
ST127,86.1,76.6,95.0,98.0,7.1
ST128,86.7,90.0,83.5,78.4,6.0
ST129,69.6,64.1,60.3,48.7,2.8
ST130,95.8,77.5,95.0,98.0,8.1
ST131,75.2,55.5,62.3,65.4,1.6
ST132,80.7,67.1,79.0,64.4,2.6
ST133,92.8,92.2,95.0,98.0,8.0
ST134,74.5,62.2,69.2,63.3,4.3
ST135,78.8,76.2,92.0,76.4,5.3
ST136,75.7,55.8,77.2,76.8,4.7
ST137,84.6,68.2,90.2,67.7,5.0
ST138,81.4,65.6,95.0,87.2,5.9
ST139,59.1,58.4,58.8,62.1,2.0
ST140,68.2,53.1,61.3,67.9,2.8
ST141,97.8,58.7,82.0,85.6,6.9
ST142,78.5,68.7,73.7,77.2,5.4
ST143,81.3,74.4,91.1,81.1,6.0
ST144,89.3,66.5,86.4,93.3,6.1
ST145,81.8,73.7,94.1,80.4,6.1
ST146,88.5,92.5,90.4,98.0,7.5
ST147,60.6,75.9,60.5,63.4,3.6
ST148,64.3,69.9,64.5,88.0,4.2
ST149,68.6,67.3,88.2,81.2,5.4
ST150,86.5,80.6,95.0,80.7,7.1
ST041,91.2,93.3,95.0,98.0,8.2
